{
  "Upadate Album-7" : {
    "transaction" : "Upadate Album-7",
    "sampleCount" : 240,
    "errorCount" : 0,
    "errorPct" : 0.0,
    "meanResTime" : 1744.5333333333344,
    "medianResTime" : 1635.0,
    "minResTime" : 195.0,
    "maxResTime" : 2584.0,
    "pct1ResTime" : 2293.9,
    "pct2ResTime" : 2365.95,
    "pct3ResTime" : 2556.7000000000003,
    "throughput" : 16.310996330025826,
    "receivedKBytesPerSec" : 353.5152931519301,
    "sentKBytesPerSec" : 2.564521883920076
  },
  "Upadate Album-6" : {
    "transaction" : "Upadate Album-6",
    "sampleCount" : 240,
    "errorCount" : 4,
    "errorPct" : 1.6666666,
    "meanResTime" : 7235.958333333333,
    "medianResTime" : 5907.0,
    "minResTime" : 2751.0,
    "maxResTime" : 15009.0,
    "pct1ResTime" : 12871.400000000001,
    "pct2ResTime" : 14057.55,
    "pct3ResTime" : 14741.67,
    "throughput" : 13.371218452281465,
    "receivedKBytesPerSec" : 936.2551534904451,
    "sentKBytesPerSec" : 1.810468201571118
  },
  "Upadate Album-8" : {
    "transaction" : "Upadate Album-8",
    "sampleCount" : 240,
    "errorCount" : 0,
    "errorPct" : 0.0,
    "meanResTime" : 825.941666666667,
    "medianResTime" : 733.0,
    "minResTime" : 52.0,
    "maxResTime" : 2224.0,
    "pct1ResTime" : 1357.7,
    "pct2ResTime" : 1551.95,
    "pct3ResTime" : 2116.1400000000003,
    "throughput" : 18.942383583267564,
    "receivedKBytesPerSec" : 1131.5897543409628,
    "sentKBytesPerSec" : 3.0152426992896606
  },
  "Upadate Album-3" : {
    "transaction" : "Upadate Album-3",
    "sampleCount" : 240,
    "errorCount" : 0,
    "errorPct" : 0.0,
    "meanResTime" : 898.9375000000001,
    "medianResTime" : 337.5,
    "minResTime" : 5.0,
    "maxResTime" : 4686.0,
    "pct1ResTime" : 3051.9,
    "pct2ResTime" : 3452.85,
    "pct3ResTime" : 4444.6,
    "throughput" : 24.27675500708072,
    "receivedKBytesPerSec" : 912.3460575561401,
    "sentKBytesPerSec" : 3.153133218693102
  },
  "Upadate Album-2" : {
    "transaction" : "Upadate Album-2",
    "sampleCount" : 240,
    "errorCount" : 0,
    "errorPct" : 0.0,
    "meanResTime" : 2356.5291666666676,
    "medianResTime" : 2447.5,
    "minResTime" : 511.0,
    "maxResTime" : 5720.0,
    "pct1ResTime" : 3457.6,
    "pct2ResTime" : 3694.4499999999994,
    "pct3ResTime" : 5169.090000000004,
    "throughput" : 13.959981386691485,
    "receivedKBytesPerSec" : 2200.8997303433284,
    "sentKBytesPerSec" : 2.249411063285249
  },
  "Upadate Album-5" : {
    "transaction" : "Upadate Album-5",
    "sampleCount" : 240,
    "errorCount" : 0,
    "errorPct" : 0.0,
    "meanResTime" : 176.94583333333335,
    "medianResTime" : 9.0,
    "minResTime" : 2.0,
    "maxResTime" : 1849.0,
    "pct1ResTime" : 1032.1000000000004,
    "pct2ResTime" : 1283.9,
    "pct3ResTime" : 1609.6800000000003,
    "throughput" : 23.776500891618785,
    "receivedKBytesPerSec" : 28.90795274420448,
    "sentKBytesPerSec" : 2.972062611452348
  },
  "Total" : {
    "transaction" : "Total",
    "sampleCount" : 2400,
    "errorCount" : 8,
    "errorPct" : 0.33333334,
    "meanResTime" : 3703.3487500000106,
    "medianResTime" : 1479.5,
    "minResTime" : 2.0,
    "maxResTime" : 29348.0,
    "pct1ResTime" : 13437.900000000001,
    "pct2ResTime" : 19162.44999999999,
    "pct3ResTime" : 24919.019999999935,
    "throughput" : 79.53603976801989,
    "receivedKBytesPerSec" : 5718.005385252693,
    "sentKBytesPerSec" : 22.006783347141674
  },
  "Upadate Album-4" : {
    "transaction" : "Upadate Album-4",
    "sampleCount" : 240,
    "errorCount" : 0,
    "errorPct" : 0.0,
    "meanResTime" : 400.4416666666667,
    "medianResTime" : 25.5,
    "minResTime" : 2.0,
    "maxResTime" : 4146.0,
    "pct1ResTime" : 1408.7,
    "pct2ResTime" : 2536.349999999998,
    "pct3ResTime" : 3311.17,
    "throughput" : 23.816612086930633,
    "receivedKBytesPerSec" : 72.03129651682048,
    "sentKBytesPerSec" : 2.977076510866329
  },
  "Upadate Album-1" : {
    "transaction" : "Upadate Album-1",
    "sampleCount" : 240,
    "errorCount" : 0,
    "errorPct" : 0.0,
    "meanResTime" : 2055.7124999999987,
    "medianResTime" : 1658.5,
    "minResTime" : 199.0,
    "maxResTime" : 6550.0,
    "pct1ResTime" : 3785.9,
    "pct2ResTime" : 4330.499999999999,
    "pct3ResTime" : 4973.85,
    "throughput" : 13.277273733126798,
    "receivedKBytesPerSec" : 69.51119578446558,
    "sentKBytesPerSec" : 3.4878775724717856
  },
  "Upadate Album-0" : {
    "transaction" : "Upadate Album-0",
    "sampleCount" : 240,
    "errorCount" : 0,
    "errorPct" : 0.0,
    "meanResTime" : 1991.399999999999,
    "medianResTime" : 473.0,
    "minResTime" : 4.0,
    "maxResTime" : 7624.0,
    "pct1ResTime" : 5157.3,
    "pct2ResTime" : 6170.9,
    "pct3ResTime" : 7362.820000000001,
    "throughput" : 14.922589069203507,
    "receivedKBytesPerSec" : 49.44564913262452,
    "sentKBytesPerSec" : 1.9090421563141207
  },
  "Upadate Album" : {
    "transaction" : "Upadate Album",
    "sampleCount" : 240,
    "errorCount" : 4,
    "errorPct" : 1.6666666,
    "meanResTime" : 19347.087499999998,
    "medianResTime" : 19139.5,
    "minResTime" : 9883.0,
    "maxResTime" : 29348.0,
    "pct1ResTime" : 24892.2,
    "pct2ResTime" : 27696.55,
    "pct3ResTime" : 29216.38,
    "throughput" : 7.953603976801988,
    "receivedKBytesPerSec" : 2859.0026926263463,
    "sentKBytesPerSec" : 11.003391673570837
  }
}