{
  "Delete Album-0" : {
    "transaction" : "Delete Album-0",
    "sampleCount" : 290,
    "errorCount" : 0,
    "errorPct" : 0.0,
    "meanResTime" : 6.220689655172417,
    "medianResTime" : 4.0,
    "minResTime" : 2.0,
    "maxResTime" : 144.0,
    "pct1ResTime" : 10.0,
    "pct2ResTime" : 16.44999999999999,
    "pct3ResTime" : 38.089999999999975,
    "throughput" : 3.0813366625936354,
    "receivedKBytesPerSec" : 10.209936812675982,
    "sentKBytesPerSec" : 0.39419443632789675
  },
  "Delete Album-1" : {
    "transaction" : "Delete Album-1",
    "sampleCount" : 290,
    "errorCount" : 0,
    "errorPct" : 0.0,
    "meanResTime" : 920.5758620689653,
    "medianResTime" : 696.5,
    "minResTime" : 300.0,
    "maxResTime" : 5129.0,
    "pct1ResTime" : 1668.200000000001,
    "pct2ResTime" : 2256.6499999999987,
    "pct3ResTime" : 3778.149999999969,
    "throughput" : 3.056299137912864,
    "receivedKBytesPerSec" : 16.000800467139516,
    "sentKBytesPerSec" : 0.8028754571275004
  },
  "Delete Album-2" : {
    "transaction" : "Delete Album-2",
    "sampleCount" : 290,
    "errorCount" : 0,
    "errorPct" : 0.0,
    "meanResTime" : 3061.131034482759,
    "medianResTime" : 2500.0,
    "minResTime" : 805.0,
    "maxResTime" : 36630.0,
    "pct1ResTime" : 5019.8,
    "pct2ResTime" : 6402.449999999999,
    "pct3ResTime" : 12103.319999999901,
    "throughput" : 2.71629684441239,
    "receivedKBytesPerSec" : 428.23342685726794,
    "sentKBytesPerSec" : 0.4376845501250433
  },
  "Upadate Album-7" : {
    "transaction" : "Upadate Album-7",
    "sampleCount" : 367,
    "errorCount" : 0,
    "errorPct" : 0.0,
    "meanResTime" : 1984.1416893732974,
    "medianResTime" : 1818.0,
    "minResTime" : 176.0,
    "maxResTime" : 11150.0,
    "pct1ResTime" : 3865.3999999999996,
    "pct2ResTime" : 5573.999999999976,
    "pct3ResTime" : 9021.719999999996,
    "throughput" : 3.203813148728514,
    "receivedKBytesPerSec" : 69.43745478269504,
    "sentKBytesPerSec" : 0.5037245282668855
  },
  "Upadate Album-6" : {
    "transaction" : "Upadate Album-6",
    "sampleCount" : 367,
    "errorCount" : 0,
    "errorPct" : 0.0,
    "meanResTime" : 2478.528610354223,
    "medianResTime" : 2187.0,
    "minResTime" : 284.0,
    "maxResTime" : 9101.0,
    "pct1ResTime" : 4121.8,
    "pct2ResTime" : 4971.999999999995,
    "pct3ResTime" : 6111.999999999995,
    "throughput" : 3.167916857288367,
    "receivedKBytesPerSec" : 225.3872261791211,
    "sentKBytesPerSec" : 0.43620730163833954
  },
  "Upadate Album-8" : {
    "transaction" : "Upadate Album-8",
    "sampleCount" : 367,
    "errorCount" : 0,
    "errorPct" : 0.0,
    "meanResTime" : 1075.602179836512,
    "medianResTime" : 769.0,
    "minResTime" : 61.0,
    "maxResTime" : 9241.0,
    "pct1ResTime" : 2385.9999999999995,
    "pct2ResTime" : 2863.1999999999966,
    "pct3ResTime" : 5906.599999999986,
    "throughput" : 3.2133225930725318,
    "receivedKBytesPerSec" : 191.94748410576383,
    "sentKBytesPerSec" : 0.5114956862019753
  },
  "Upadate Album-3" : {
    "transaction" : "Upadate Album-3",
    "sampleCount" : 367,
    "errorCount" : 0,
    "errorPct" : 0.0,
    "meanResTime" : 559.2942779291562,
    "medianResTime" : 9.0,
    "minResTime" : 3.0,
    "maxResTime" : 5901.0,
    "pct1ResTime" : 2513.9999999999986,
    "pct2ResTime" : 4493.599999999999,
    "pct3ResTime" : 4820.919999999999,
    "throughput" : 3.1976997473207285,
    "receivedKBytesPerSec" : 120.17292907826523,
    "sentKBytesPerSec" : 0.4153262367125556
  },
  "Upadate Album-2" : {
    "transaction" : "Upadate Album-2",
    "sampleCount" : 367,
    "errorCount" : 0,
    "errorPct" : 0.0,
    "meanResTime" : 3893.9482288828335,
    "medianResTime" : 3570.0,
    "minResTime" : 396.0,
    "maxResTime" : 21784.0,
    "pct1ResTime" : 7430.0,
    "pct2ResTime" : 9283.599999999997,
    "pct3ResTime" : 13780.64,
    "throughput" : 3.108588853125529,
    "receivedKBytesPerSec" : 490.0795361601093,
    "sentKBytesPerSec" : 0.5008956648102659
  },
  "Upadate Album-5" : {
    "transaction" : "Upadate Album-5",
    "sampleCount" : 367,
    "errorCount" : 0,
    "errorPct" : 0.0,
    "meanResTime" : 166.58583106267062,
    "medianResTime" : 4.0,
    "minResTime" : 1.0,
    "maxResTime" : 2618.0,
    "pct1ResTime" : 684.1999999999998,
    "pct2ResTime" : 1278.1999999999991,
    "pct3ResTime" : 2060.519999999999,
    "throughput" : 3.2168432862639915,
    "receivedKBytesPerSec" : 3.911103409569013,
    "sentKBytesPerSec" : 0.40210541078299894
  },
  "Upadate Album-4" : {
    "transaction" : "Upadate Album-4",
    "sampleCount" : 367,
    "errorCount" : 0,
    "errorPct" : 0.0,
    "meanResTime" : 196.474114441417,
    "medianResTime" : 4.0,
    "minResTime" : 1.0,
    "maxResTime" : 2342.0,
    "pct1ResTime" : 920.3999999999999,
    "pct2ResTime" : 1440.9999999999993,
    "pct3ResTime" : 1975.5599999999988,
    "throughput" : 3.212281945575016,
    "receivedKBytesPerSec" : 9.715270688911938,
    "sentKBytesPerSec" : 0.401535243196877
  },
  "Upadate Album-1" : {
    "transaction" : "Upadate Album-1",
    "sampleCount" : 367,
    "errorCount" : 0,
    "errorPct" : 0.0,
    "meanResTime" : 2212.196185286103,
    "medianResTime" : 2004.0,
    "minResTime" : 222.0,
    "maxResTime" : 7148.0,
    "pct1ResTime" : 3803.0,
    "pct2ResTime" : 4817.4,
    "pct3ResTime" : 6088.92,
    "throughput" : 3.0874843312273383,
    "receivedKBytesPerSec" : 16.16406591768531,
    "sentKBytesPerSec" : 0.811067661230619
  },
  "Upadate Album-0" : {
    "transaction" : "Upadate Album-0",
    "sampleCount" : 367,
    "errorCount" : 0,
    "errorPct" : 0.0,
    "meanResTime" : 202.1852861035421,
    "medianResTime" : 5.0,
    "minResTime" : 3.0,
    "maxResTime" : 5066.0,
    "pct1ResTime" : 505.79999999999995,
    "pct2ResTime" : 1279.1999999999998,
    "pct3ResTime" : 3979.9999999999973,
    "throughput" : 3.133752305485347,
    "receivedKBytesPerSec" : 10.38361481690604,
    "sentKBytesPerSec" : 0.400899953143145
  },
  "Upadate Album" : {
    "transaction" : "Upadate Album",
    "sampleCount" : 367,
    "errorCount" : 0,
    "errorPct" : 0.0,
    "meanResTime" : 12976.032697547682,
    "medianResTime" : 12657.0,
    "minResTime" : 3778.0,
    "maxResTime" : 29607.0,
    "pct1ResTime" : 19549.2,
    "pct2ResTime" : 21989.0,
    "pct3ResTime" : 25659.679999999993,
    "throughput" : 2.9821154330567903,
    "receivedKBytesPerSec" : 1075.2869879821562,
    "sentKBytesPerSec" : 4.132443163581627
  },
  "Delete Album" : {
    "transaction" : "Delete Album",
    "sampleCount" : 290,
    "errorCount" : 17,
    "errorPct" : 5.862069,
    "meanResTime" : 8410.158620689654,
    "medianResTime" : 7615.0,
    "minResTime" : 3280.0,
    "maxResTime" : 37946.0,
    "pct1ResTime" : 13196.800000000001,
    "pct2ResTime" : 15701.199999999999,
    "pct3ResTime" : 21501.509999999947,
    "throughput" : 2.682130536518595,
    "receivedKBytesPerSec" : 956.6182998038114,
    "sentKBytesPerSec" : 3.69509183117838
  },
  "CreateAlbum" : {
    "transaction" : "CreateAlbum",
    "sampleCount" : 306,
    "errorCount" : 23,
    "errorPct" : 7.51634,
    "meanResTime" : 11138.415032679743,
    "medianResTime" : 11200.5,
    "minResTime" : 702.0,
    "maxResTime" : 22308.0,
    "pct1ResTime" : 16983.4,
    "pct2ResTime" : 18808.25,
    "pct3ResTime" : 21584.960000000003,
    "throughput" : 2.8824415975885453,
    "receivedKBytesPerSec" : 1113.1134424159288,
    "sentKBytesPerSec" : 4.063009622857009
  },
  "Album Transaction Controller" : {
    "transaction" : "Album Transaction Controller",
    "sampleCount" : 290,
    "errorCount" : 40,
    "errorPct" : 13.793103,
    "meanResTime" : 31059.313793103454,
    "medianResTime" : 30406.0,
    "minResTime" : 10390.0,
    "maxResTime" : 58880.0,
    "pct1ResTime" : 41028.30000000001,
    "pct2ResTime" : 44742.9,
    "pct3ResTime" : 49453.94999999991,
    "throughput" : 2.2459727385377946,
    "receivedKBytesPerSec" : 2477.5942134739003,
    "sentKBytesPerSec" : 9.371127633209417
  },