{
  "Delete Album-0" : {
    "transaction" : "Delete Album-0",
    "sampleCount" : 3206,
    "errorCount" : 0,
    "errorPct" : 0.0,
    "meanResTime" : 5.338116032439166,
    "medianResTime" : 4.0,
    "minResTime" : 2.0,
    "maxResTime" : 493.0,
    "pct1ResTime" : 6.0,
    "pct2ResTime" : 9.0,
    "pct3ResTime" : 29.929999999999836,
    "throughput" : 3.293508521413969,
    "receivedKBytesPerSec" : 10.912963294099217,
    "sentKBytesPerSec" : 0.42133751592307617
  },
  "Delete Album-1" : {
    "transaction" : "Delete Album-1",
    "sampleCount" : 3206,
    "errorCount" : 0,
    "errorPct" : 0.0,
    "meanResTime" : 778.7910168434187,
    "medianResTime" : 649.5,
    "minResTime" : 123.0,
    "maxResTime" : 10442.0,
    "pct1ResTime" : 1068.0,
    "pct2ResTime" : 1867.199999999997,
    "pct3ResTime" : 3308.0299999999884,
    "throughput" : 3.2901454704056237,
    "receivedKBytesPerSec" : 17.22506822934038,
    "sentKBytesPerSec" : 0.8643057925186649
  },
  "Delete Album-2" : {
    "transaction" : "Delete Album-2",
    "sampleCount" : 3206,
    "errorCount" : 0,
    "errorPct" : 0.0,
    "meanResTime" : 2166.2301933874023,
    "medianResTime" : 1881.5,
    "minResTime" : 158.0,
    "maxResTime" : 10490.0,
    "pct1ResTime" : 3571.9000000000005,
    "pct2ResTime" : 4344.299999999999,
    "pct3ResTime" : 6230.009999999991,
    "throughput" : 3.2788092379376432,
    "receivedKBytesPerSec" : 516.9214650849259,
    "sentKBytesPerSec" : 0.5283237541598742
  },
  "Upadate Album-7" : {
    "transaction" : "Upadate Album-7",
    "sampleCount" : 3285,
    "errorCount" : 0,
    "errorPct" : 0.0,
    "meanResTime" : 2490.027092846273,
    "medianResTime" : 2083.0,
    "minResTime" : 203.0,
    "maxResTime" : 17666.0,
    "pct1ResTime" : 4169.200000000001,
    "pct2ResTime" : 5070.799999999996,
    "pct3ResTime" : 7486.819999999992,
    "throughput" : 3.293242987196954,
    "receivedKBytesPerSec" : 71.37590878249509,
    "sentKBytesPerSec" : 0.5177852743542086
  },
  "Upadate Album-6" : {
    "transaction" : "Upadate Album-6",
    "sampleCount" : 3285,
    "errorCount" : 4,
    "errorPct" : 0.1217656,
    "meanResTime" : 3610.8133942161335,
    "medianResTime" : 3081.0,
    "minResTime" : 1033.0,
    "maxResTime" : 24324.0,
    "pct1ResTime" : 5435.4,
    "pct2ResTime" : 7008.199999999993,
    "pct3ResTime" : 12429.439999999995,
    "throughput" : 3.2856144098946505,
    "receivedKBytesPerSec" : 233.48971531113818,
    "sentKBytesPerSec" : 0.4518628186595893
  },
  "Upadate Album-8" : {
    "transaction" : "Upadate Album-8",
    "sampleCount" : 3285,
    "errorCount" : 0,
    "errorPct" : 0.0,
    "meanResTime" : 1282.0824961948242,
    "medianResTime" : 953.0,
    "minResTime" : 170.0,
    "maxResTime" : 11006.0,
    "pct1ResTime" : 2294.4000000000005,
    "pct2ResTime" : 2886.7999999999993,
    "pct3ResTime" : 5059.939999999984,
    "throughput" : 3.306465574509717,
    "receivedKBytesPerSec" : 197.51821894143026,
    "sentKBytesPerSec" : 0.5263221568799648
  },
  "Upadate Album-3" : {
    "transaction" : "Upadate Album-3",
    "sampleCount" : 3285,
    "errorCount" : 0,
    "errorPct" : 0.0,
    "meanResTime" : 201.72298325722954,
    "medianResTime" : 6.0,
    "minResTime" : 2.0,
    "maxResTime" : 7565.0,
    "pct1ResTime" : 19.0,
    "pct2ResTime" : 50.099999999999454,
    "pct3ResTime" : 6655.28,
    "throughput" : 3.2757558170841885,
    "receivedKBytesPerSec" : 123.10635850473713,
    "sentKBytesPerSec" : 0.42546437858612995
  },
  "Upadate Album-2" : {
    "transaction" : "Upadate Album-2",
    "sampleCount" : 3285,
    "errorCount" : 0,
    "errorPct" : 0.0,
    "meanResTime" : 4151.878538812804,
    "medianResTime" : 3815.0,
    "minResTime" : 542.0,
    "maxResTime" : 20933.0,
    "pct1ResTime" : 5863.4,
    "pct2ResTime" : 7162.299999999998,
    "pct3ResTime" : 10087.079999999998,
    "throughput" : 3.2632634024761065,
    "receivedKBytesPerSec" : 514.4704570124029,
    "sentKBytesPerSec" : 0.5258188099692945
  },
  "Upadate Album-5" : {
    "transaction" : "Upadate Album-5",
    "sampleCount" : 3285,
    "errorCount" : 0,
    "errorPct" : 0.0,
    "meanResTime" : 25.317808219178122,
    "medianResTime" : 3.0,
    "minResTime" : 1.0,
    "maxResTime" : 2029.0,
    "pct1ResTime" : 7.0,
    "pct2ResTime" : 15.0,
    "pct3ResTime" : 850.1599999999944,
    "throughput" : 3.2991036681814756,
    "receivedKBytesPerSec" : 4.011117252818298,
    "sentKBytesPerSec" : 0.41238795852268445
  },
  "Upadate Album-4" : {
    "transaction" : "Upadate Album-4",
    "sampleCount" : 3285,
    "errorCount" : 0,
    "errorPct" : 0.0,
    "meanResTime" : 33.97321156773226,
    "medianResTime" : 3.0,
    "minResTime" : 1.0,
    "maxResTime" : 6044.0,
    "pct1ResTime" : 8.0,
    "pct2ResTime" : 18.0,
    "pct3ResTime" : 1044.1399999999999,
    "throughput" : 3.279274386920437,
    "receivedKBytesPerSec" : 9.917883570598235,
    "sentKBytesPerSec" : 0.40990929836505463
  },
  "Upadate Album-1" : {
    "transaction" : "Upadate Album-1",
    "sampleCount" : 3285,
    "errorCount" : 1,
    "errorPct" : 0.0304414,
    "meanResTime" : 2247.6550989345446,
    "medianResTime" : 1957.0,
    "minResTime" : 558.0,
    "maxResTime" : 21100.0,
    "pct1ResTime" : 3266.8,
    "pct2ResTime" : 4254.7,
    "pct3ResTime" : 7310.079999999997,
    "throughput" : 3.240613319364662,
    "receivedKBytesPerSec" : 16.968563037389377,
    "sentKBytesPerSec" : 0.8511590572059501
  },
  "Upadate Album-0" : {
    "transaction" : "Upadate Album-0",
    "sampleCount" : 3285,
    "errorCount" : 0,
    "errorPct" : 0.0,
    "meanResTime" : 45.80608828006084,
    "medianResTime" : 4.0,
    "minResTime" : 3.0,
    "maxResTime" : 3568.0,
    "pct1ResTime" : 8.0,
    "pct2ResTime" : 16.699999999999818,
    "pct3ResTime" : 1770.3199999999888,
    "throughput" : 3.2549406233434235,
    "receivedKBytesPerSec" : 10.785169467777575,
    "sentKBytesPerSec" : 0.4164035367753794
  },
  "Upadate Album" : {
    "transaction" : "Upadate Album",
    "sampleCount" : 3285,
    "errorCount" : 5,
    "errorPct" : 0.152207,
    "meanResTime" : 14116.741856925424,
    "medianResTime" : 13148.0,
    "minResTime" : 8260.0,
    "maxResTime" : 38780.0,
    "pct1ResTime" : 18652.0,
    "pct2ResTime" : 22086.899999999994,
    "pct3ResTime" : 29404.89999999999,
    "throughput" : 3.211890938458801,
    "receivedKBytesPerSec" : 1157.8893912085607,
    "sentKBytesPerSec" : 4.4501805756740085
  },
  "Delete Album" : {
    "transaction" : "Delete Album",
    "sampleCount" : 3206,
    "errorCount" : 90,
    "errorPct" : 2.8072364,
    "meanResTime" : 6621.837492202116,
    "medianResTime" : 5943.0,
    "minResTime" : 1043.0,
    "maxResTime" : 51080.0,
    "pct1ResTime" : 9812.100000000006,
    "pct2ResTime" : 11665.949999999999,
    "pct3ResTime" : 17461.339999999993,
    "throughput" : 3.2627456727402993,
    "receivedKBytesPerSec" : 1170.627152912199,
    "sentKBytesPerSec" : 4.508852533576462
  },
  "CreateAlbum" : {
    "transaction" : "CreateAlbum",
    "sampleCount" : 3239,
    "errorCount" : 282,
    "errorPct" : 8.706391,
    "meanResTime" : 9055.85581969745,
    "medianResTime" : 8002.0,
    "minResTime" : 832.0,
    "maxResTime" : 36193.0,
    "pct1ResTime" : 13755.0,
    "pct2ResTime" : 15764.0,
    "pct3ResTime" : 19387.399999999998,
    "throughput" : 3.2889626313325735,
    "receivedKBytesPerSec" : 1267.4299542157414,
    "sentKBytesPerSec" : 4.630640941542979
  },
  "Album Transaction Controller" : {
    "transaction" : "Album Transaction Controller",
    "sampleCount" : 3208,
    "errorCount" : 374,
    "errorPct" : 11.658354,
    "meanResTime" : 29733.915211970056,
    "medianResTime" : 28254.5,
    "minResTime" : 17602.0,
    "maxResTime" : 76666.0,
    "pct1ResTime" : 39166.799999999996,
    "pct2ResTime" : 43329.69999999999,
    "pct3ResTime" : 51428.149999999994,
    "throughput" : 3.1530486678172807,
    "receivedKBytesPerSec" : 3482.17454004577,
    "sentKBytesPerSec" : 13.162233592942203
  },