{
  "Upadate Album-7" : {
    "transaction" : "Upadate Album-7",
    "sampleCount" : 225,
    "errorCount" : 0,
    "errorPct" : 0.0,
    "meanResTime" : 740.8844444444444,
    "medianResTime" : 633.0,
    "minResTime" : 211.0,
    "maxResTime" : 1853.0,
    "pct1ResTime" : 1179.0,
    "pct2ResTime" : 1366.6999999999998,
    "pct3ResTime" : 1776.100000000001,
    "throughput" : 16.98754246885617,
    "receivedKBytesPerSec" : 368.17873489996225,
    "sentKBytesPerSec" : 2.6708929077010195
  },
  "Upadate Album-6" : {
    "transaction" : "Upadate Album-6",
    "sampleCount" : 225,
    "errorCount" : 1,
    "errorPct" : 0.44444445,
    "meanResTime" : 6523.626666666667,
    "medianResTime" : 5447.0,
    "minResTime" : 3431.0,
    "maxResTime" : 15424.0,
    "pct1ResTime" : 10296.400000000001,
    "pct2ResTime" : 12385.9,
    "pct3ResTime" : 13509.58,
    "throughput" : 12.755102040816327,
    "receivedKBytesPerSec" : 903.656351863662,
    "sentKBytesPerSec" : 1.7485119047619047
  },
  "Upadate Album-8" : {
    "transaction" : "Upadate Album-8",
    "sampleCount" : 225,
    "errorCount" : 0,
    "errorPct" : 0.0,
    "meanResTime" : 539.2488888888892,
    "medianResTime" : 456.0,
    "minResTime" : 56.0,
    "maxResTime" : 2904.0,
    "pct1ResTime" : 965.2,
    "pct2ResTime" : 1142.6999999999987,
    "pct3ResTime" : 2051.7400000000016,
    "throughput" : 18.13784764207981,
    "receivedKBytesPerSec" : 1083.4999118299074,
    "sentKBytesPerSec" : 2.8871769195888755
  },
  "Upadate Album-3" : {
    "transaction" : "Upadate Album-3",
    "sampleCount" : 225,
    "errorCount" : 0,
    "errorPct" : 0.0,
    "meanResTime" : 1923.8933333333334,
    "medianResTime" : 628.0,
    "minResTime" : 5.0,
    "maxResTime" : 7083.0,
    "pct1ResTime" : 6742.6,
    "pct2ResTime" : 6991.0,
    "pct3ResTime" : 7052.4400000000005,
    "throughput" : 29.714738510301107,
    "receivedKBytesPerSec" : 1116.7112129803882,
    "sentKBytesPerSec" : 3.859433810419968
  },
  "Upadate Album-2" : {
    "transaction" : "Upadate Album-2",
    "sampleCount" : 225,
    "errorCount" : 0,
    "errorPct" : 0.0,
    "meanResTime" : 2423.186666666667,
    "medianResTime" : 2195.0,
    "minResTime" : 492.0,
    "maxResTime" : 6389.0,
    "pct1ResTime" : 4497.8,
    "pct2ResTime" : 4782.199999999999,
    "pct3ResTime" : 6110.640000000003,
    "throughput" : 13.704470702887075,
    "receivedKBytesPerSec" : 2160.5810053180962,
    "sentKBytesPerSec" : 2.2082399081800466
  },
  "Upadate Album-5" : {
    "transaction" : "Upadate Album-5",
    "sampleCount" : 225,
    "errorCount" : 0,
    "errorPct" : 0.0,
    "meanResTime" : 156.01777777777772,
    "medianResTime" : 12.0,
    "minResTime" : 2.0,
    "maxResTime" : 1359.0,
    "pct1ResTime" : 542.8000000000002,
    "pct2ResTime" : 741.8,
    "pct3ResTime" : 1311.4600000000003,
    "throughput" : 30.620577027762657,
    "receivedKBytesPerSec" : 37.22911953082472,
    "sentKBytesPerSec" : 3.827572128470332
  },
  "Total" : {
    "transaction" : "Total",
    "sampleCount" : 2250,
    "errorCount" : 2,
    "errorPct" : 0.08888889,
    "meanResTime" : 3392.810222222214,
    "medianResTime" : 821.5,
    "minResTime" : 2.0,
    "maxResTime" : 27905.0,
    "pct1ResTime" : 12111.200000000004,
    "pct2ResTime" : 18187.699999999997,
    "pct3ResTime" : 24114.229999999996,
    "throughput" : 72.74255601176813,
    "receivedKBytesPerSec" : 5241.572345502894,
    "sentKBytesPerSec" : 20.15158235265591
  },
  "Upadate Album-4" : {
    "transaction" : "Upadate Album-4",
    "sampleCount" : 225,
    "errorCount" : 0,
    "errorPct" : 0.0,
    "meanResTime" : 219.85777777777778,
    "medianResTime" : 20.0,
    "minResTime" : 2.0,
    "maxResTime" : 1553.0,
    "pct1ResTime" : 805.0,
    "pct2ResTime" : 1161.6,
    "pct3ResTime" : 1453.0200000000002,
    "throughput" : 29.78948762081292,
    "receivedKBytesPerSec" : 90.09574527505627,
    "sentKBytesPerSec" : 3.7236859526016155
  },
  "Upadate Album-1" : {
    "transaction" : "Upadate Album-1",
    "sampleCount" : 225,
    "errorCount" : 0,
    "errorPct" : 0.0,
    "meanResTime" : 2178.6888888888884,
    "medianResTime" : 1730.0,
    "minResTime" : 327.0,
    "maxResTime" : 7289.0,
    "pct1ResTime" : 3768.2000000000007,
    "pct2ResTime" : 5483.2999999999965,
    "pct3ResTime" : 6875.4400000000005,
    "throughput" : 16.41976209589141,
    "receivedKBytesPerSec" : 85.96322714460338,
    "sentKBytesPerSec" : 4.313394534955849
  },
  "Upadate Album-0" : {
    "transaction" : "Upadate Album-0",
    "sampleCount" : 225,
    "errorCount" : 0,
    "errorPct" : 0.0,
    "meanResTime" : 889.3777777777773,
    "medianResTime" : 310.0,
    "minResTime" : 4.0,
    "maxResTime" : 4719.0,
    "pct1ResTime" : 3315.0,
    "pct2ResTime" : 3870.8,
    "pct3ResTime" : 4620.200000000003,
    "throughput" : 20.06957452502007,
    "receivedKBytesPerSec" : 66.50006480800107,
    "sentKBytesPerSec" : 2.5674943972437783
  },
  "Upadate Album" : {
    "transaction" : "Upadate Album",
    "sampleCount" : 225,
    "errorCount" : 1,
    "errorPct" : 0.44444445,
    "meanResTime" : 18333.32000000001,
    "medianResTime" : 18176.0,
    "minResTime" : 10833.0,
    "maxResTime" : 27905.0,
    "pct1ResTime" : 24111.8,
    "pct2ResTime" : 25058.9,
    "pct3ResTime" : 27154.320000000003,
    "throughput" : 7.274490785645004,
    "receivedKBytesPerSec" : 2620.8709055730683,
    "sentKBytesPerSec" : 10.07611693743938
  }
}