{
  "Delete Album-0" : {
    "transaction" : "Delete Album-0",
    "sampleCount" : 61,
    "errorCount" : 0,
    "errorPct" : 0.0,
    "meanResTime" : 2274.3442622950824,
    "medianResTime" : 3245.0,
    "minResTime" : 2.0,
    "maxResTime" : 5181.0,
    "pct1ResTime" : 4547.8,
    "pct2ResTime" : 4762.099999999999,
    "pct3ResTime" : 5181.0,
    "throughput" : 3.2414049630692383,
    "receivedKBytesPerSec" : 10.7403193747011,
    "sentKBytesPerSec" : 0.41467192398639674
  },
  "Delete Album-1" : {
    "transaction" : "Delete Album-1",
    "sampleCount" : 61,
    "errorCount" : 61,
    "errorPct" : 100.0,
    "meanResTime" : 167.31147540983605,
    "medianResTime" : 6.0,
    "minResTime" : 2.0,
    "maxResTime" : 2590.0,
    "pct1ResTime" : 248.0000000000006,
    "pct2ResTime" : 1954.5999999999995,
    "pct3ResTime" : 2590.0,
    "throughput" : 3.018158428578497,
    "receivedKBytesPerSec" : 22.85429731952897,
    "sentKBytesPerSec" : 0.38021722391272084
  },
  "Delete Album-2" : {
    "transaction" : "Delete Album-2",
    "sampleCount" : 61,
    "errorCount" : 61,
    "errorPct" : 100.0,
    "meanResTime" : 0.1311475409836066,
    "medianResTime" : 0.0,
    "minResTime" : 0.0,
    "maxResTime" : 1.0,
    "pct1ResTime" : 1.0,
    "pct2ResTime" : 1.0,
    "pct3ResTime" : 1.0,
    "throughput" : 3.019054689433309,
    "receivedKBytesPerSec" : 8.104864591066569,
    "sentKBytesPerSec" : 0.0
  },
  "Upadate Album-7" : {
    "transaction" : "Upadate Album-7",
    "sampleCount" : 515,
    "errorCount" : 515,
    "errorPct" : 100.0,
    "meanResTime" : 0.24660194174757286,
    "medianResTime" : 0.0,
    "minResTime" : 0.0,
    "maxResTime" : 1.0,
    "pct1ResTime" : 1.0,
    "pct2ResTime" : 1.0,
    "pct3ResTime" : 1.0,
    "throughput" : 15.764180109584007,
    "receivedKBytesPerSec" : 42.18320143905538,
    "sentKBytesPerSec" : 0.0
  },
  "Upadate Album-6" : {
    "transaction" : "Upadate Album-6",
    "sampleCount" : 515,
    "errorCount" : 515,
    "errorPct" : 100.0,
    "meanResTime" : 0.26407766990291254,
    "medianResTime" : 0.0,
    "minResTime" : 0.0,
    "maxResTime" : 2.0,
    "pct1ResTime" : 1.0,
    "pct2ResTime" : 1.0,
    "pct3ResTime" : 1.0,
    "throughput" : 15.763215083713384,
    "receivedKBytesPerSec" : 42.16522537188944,
    "sentKBytesPerSec" : 0.0
  },
  "Upadate Album-8" : {
    "transaction" : "Upadate Album-8",
    "sampleCount" : 515,
    "errorCount" : 515,
    "errorPct" : 100.0,
    "meanResTime" : 0.20582524271844665,
    "medianResTime" : 0.0,
    "minResTime" : 0.0,
    "maxResTime" : 4.0,
    "pct1ResTime" : 1.0,
    "pct2ResTime" : 1.0,
    "pct3ResTime" : 1.0,
    "throughput" : 15.764662666829928,
    "receivedKBytesPerSec" : 42.329894937323985,
    "sentKBytesPerSec" : 0.0
  },
  "Upadate Album-3" : {
    "transaction" : "Upadate Album-3",
    "sampleCount" : 515,
    "errorCount" : 0,
    "errorPct" : 0.0,
    "meanResTime" : 45.92038834951454,
    "medianResTime" : 6.0,
    "minResTime" : 3.0,
    "maxResTime" : 3842.0,
    "pct1ResTime" : 32.80000000000007,
    "pct2ResTime" : 104.19999999999999,
    "pct3ResTime" : 875.0,
    "throughput" : 15.693085900600298,
    "receivedKBytesPerSec" : 589.762719446095,
    "sentKBytesPerSec" : 2.038262133574062
  },
  "Upadate Album-2" : {
    "transaction" : "Upadate Album-2",
    "sampleCount" : 515,
    "errorCount" : 515,
    "errorPct" : 100.0,
    "meanResTime" : 0.6854368932038841,
    "medianResTime" : 0.0,
    "minResTime" : 0.0,
    "maxResTime" : 70.0,
    "pct1ResTime" : 1.0,
    "pct2ResTime" : 1.0,
    "pct3ResTime" : 19.519999999999925,
    "throughput" : 15.686871763630826,
    "receivedKBytesPerSec" : 42.147908020484316,
    "sentKBytesPerSec" : 0.0
  },
  "Upadate Album-5" : {
    "transaction" : "Upadate Album-5",
    "sampleCount" : 515,
    "errorCount" : 0,
    "errorPct" : 0.0,
    "meanResTime" : 18.23689320388352,
    "medianResTime" : 4.0,
    "minResTime" : 2.0,
    "maxResTime" : 791.0,
    "pct1ResTime" : 9.0,
    "pct2ResTime" : 19.399999999999977,
    "pct3ResTime" : 554.3199999999963,
    "throughput" : 15.735761427523833,
    "receivedKBytesPerSec" : 19.13185837623747,
    "sentKBytesPerSec" : 1.966970178440479
  },
  "Upadate Album-4" : {
    "transaction" : "Upadate Album-4",
    "sampleCount" : 515,
    "errorCount" : 0,
    "errorPct" : 0.0,
    "meanResTime" : 26.879611650485423,
    "medianResTime" : 3.0,
    "minResTime" : 2.0,
    "maxResTime" : 1177.0,
    "pct1ResTime" : 11.800000000000068,
    "pct2ResTime" : 54.599999999999966,
    "pct3ResTime" : 758.7999999999988,
    "throughput" : 15.711278562494279,
    "receivedKBytesPerSec" : 47.51741182426248,
    "sentKBytesPerSec" : 1.9639098203117848
  },
  "Upadate Album-1" : {
    "transaction" : "Upadate Album-1",
    "sampleCount" : 515,
    "errorCount" : 515,
    "errorPct" : 100.0,
    "meanResTime" : 78.46213592233008,
    "medianResTime" : 5.0,
    "minResTime" : 2.0,
    "maxResTime" : 2504.0,
    "pct1ResTime" : 270.80000000000007,
    "pct2ResTime" : 566.3999999999999,
    "pct3ResTime" : 930.2399999999998,
    "throughput" : 15.294606794963174,
    "receivedKBytesPerSec" : 115.87689001618557,
    "sentKBytesPerSec" : 1.9267619888186032
  },
  "Upadate Album-0" : {
    "transaction" : "Upadate Album-0",
    "sampleCount" : 515,
    "errorCount" : 0,
    "errorPct" : 0.0,
    "meanResTime" : 752.6737864077676,
    "medianResTime" : 9.0,
    "minResTime" : 3.0,
    "maxResTime" : 7458.0,
    "pct1ResTime" : 4780.800000000001,
    "pct2ResTime" : 5976.199999999999,
    "pct3ResTime" : 7028.159999999995,
    "throughput" : 15.171601119457947,
    "receivedKBytesPerSec" : 50.27074472492267,
    "sentKBytesPerSec" : 1.9408981900869053
  },
  "Upadate Album" : {
    "transaction" : "Upadate Album",
    "sampleCount" : 515,
    "errorCount" : 515,
    "errorPct" : 100.0,
    "meanResTime" : 932.0640776699015,
    "medianResTime" : 37.0,
    "minResTime" : 17.0,
    "maxResTime" : 8015.0,
    "pct1ResTime" : 5720.400000000007,
    "pct2ResTime" : 6604.8,
    "pct3ResTime" : 7704.719999999997,
    "throughput" : 15.162667451788606,
    "receivedKBytesPerSec" : 961.8260813061239,
    "sentKBytesPerSec" : 9.609932789268363
  },
  "Delete Album" : {
    "transaction" : "Delete Album",
    "sampleCount" : 61,
    "errorCount" : 61,
    "errorPct" : 100.0,
    "meanResTime" : 2859.3934426229507,
    "medianResTime" : 3969.0,
    "minResTime" : 15.0,
    "maxResTime" : 7162.0,
    "pct1ResTime" : 6335.2,
    "pct2ResTime" : 6844.0,
    "pct3ResTime" : 7162.0,
    "throughput" : 2.8418355462380616,
    "receivedKBytesPerSec" : 180.5481397769625,
    "sentKBytesPerSec" : 1.8011242866293966
  },
  "CreateAlbum" : {
    "transaction" : "CreateAlbum",
    "sampleCount" : 171,
    "errorCount" : 171,
    "errorPct" : 100.0,
    "meanResTime" : 1406.3391812865495,
    "medianResTime" : 30.0,
    "minResTime" : 17.0,
    "maxResTime" : 7361.0,
    "pct1ResTime" : 4933.000000000002,
    "pct2ResTime" : 5950.0,
    "pct3ResTime" : 7263.8,
    "throughput" : 6.897942718838241,
    "receivedKBytesPerSec" : 435.6596977107705,
    "sentKBytesPerSec" : 4.4189945542557485
  },
  "Album Transaction Controller" : {
    "transaction" : "Album Transaction Controller",
    "sampleCount" : 61,
    "errorCount" : 61,
    "errorPct" : 100.0,
    "meanResTime" : 2922.7049180327867,
    "medianResTime" : 4018.0,
    "minResTime" : 58.0,
    "maxResTime" : 7215.0,
    "pct1ResTime" : 6391.4,
    "pct2ResTime" : 6928.2,
    "pct3ResTime" : 7215.0,
    "throughput" : 3.2848680667743673,
    "receivedKBytesPerSec" : 624.5251287358643,
    "sentKBytesPerSec" : 6.268195510231556
  },
  "CreateAlbum-3" : {
    "transaction" : "CreateAlbum-3",
    "sampleCount" : 171,
    "errorCount" : 171,
    "errorPct" : 100.0,
    "meanResTime" : 0.15789473684210534,
    "medianResTime" : 0.0,
    "minResTime" : 0.0,
    "maxResTime" : 1.0,
    "pct1ResTime" : 1.0,
    "pct2ResTime" : 1.0,
    "pct3ResTime" : 1.0,